<?xml version="1.0" encoding="UTF-8"?>
<project-private xmlns="http://www.netbeans.org/ns/project-private/1">
    <editor-bookmarks xmlns="http://www.netbeans.org/ns/editor-bookmarks/2" lastBookmarkId="0"/>
    <open-files xmlns="http://www.netbeans.org/ns/projectui-open-files/2">
        <group>
            <file>file:/C:/Users/andres/OneDrive/Escritorio/DAW%20Tareas/Programacion/Tarea%205/Podadera_Gonzalez_Andres_PROG05_Tarea/src/tarea05/Teatro.java</file>
            <file>file:/C:/Users/andres/OneDrive/Escritorio/DAW%20Tareas/Programacion/Tarea%205/Podadera_Gonzalez_Andres_PROG05_Tarea/src/tarea05/Utilidades.java</file>
        </group>
    </open-files>
</project-private>
