<?xml version="1.0" encoding="UTF-8"?>
<project-private xmlns="http://www.netbeans.org/ns/project-private/1">
    <editor-bookmarks xmlns="http://www.netbeans.org/ns/editor-bookmarks/2" lastBookmarkId="0"/>
    <open-files xmlns="http://www.netbeans.org/ns/projectui-open-files/2">
        <group>
            <file>file:/C:/Users/andres/OneDrive/Escritorio/DAW%20Tareas/Programacion/Tarea%206/Podadera_Gonzalez_Andres_Samuel_PROG_Tarea06/src/libreria/Libro.java</file>
            <file>file:/C:/Users/andres/OneDrive/Escritorio/DAW%20Tareas/Programacion/Tarea%206/Podadera_Gonzalez_Andres_Samuel_PROG_Tarea06/src/libreria/LibroDigital.java</file>
            <file>file:/C:/Users/andres/OneDrive/Escritorio/DAW%20Tareas/Programacion/Tarea%206/Podadera_Gonzalez_Andres_Samuel_PROG_Tarea06/src/libreria/Producto.java</file>
        </group>
    </open-files>
</project-private>
