<?xml version="1.0" encoding="UTF-8"?>
<project-private xmlns="http://www.netbeans.org/ns/project-private/1">
    <editor-bookmarks xmlns="http://www.netbeans.org/ns/editor-bookmarks/2" lastBookmarkId="0"/>
    <open-files xmlns="http://www.netbeans.org/ns/projectui-open-files/2">
        <group>
            <file>file:/C:/Users/andres/OneDrive/Escritorio/DAW%20Tareas/Programacion/Tarea7/Podadera_Gonzalez_Andres_PROG_Tarea07/src/tarea07/tienda/Tienda.java</file>
            <file>file:/C:/Users/andres/OneDrive/Escritorio/DAW%20Tareas/Programacion/Tarea7/Podadera_Gonzalez_Andres_PROG_Tarea07/src/tarea07/pruebas/Pruebas07.java</file>
            <file>file:/C:/Users/andres/OneDrive/Escritorio/DAW%20Tareas/Programacion/Tarea7/Podadera_Gonzalez_Andres_PROG_Tarea07/src/tarea07/tienda/Compra.java</file>
            <file>file:/C:/Users/andres/OneDrive/Escritorio/DAW%20Tareas/Programacion/Tarea7/Podadera_Gonzalez_Andres_PROG_Tarea07/src/tarea07/tienda/TicketCompra.java</file>
        </group>
    </open-files>
</project-private>
