<?xml version="1.0" encoding="UTF-8"?>
<project-private xmlns="http://www.netbeans.org/ns/project-private/1">
    <editor-bookmarks xmlns="http://www.netbeans.org/ns/editor-bookmarks/2" lastBookmarkId="0"/>
    <open-files xmlns="http://www.netbeans.org/ns/projectui-open-files/2">
        <group name="ActualizandoUnidad10"/>
        <group>
            <file>file:/C:/Users/andres/OneDrive/Escritorio/DAW%20Tareas/Programacion/Tarea%2010/Podadera_Gonzalez_Andres_PROG_Tarea10/UT10_ProyectoBaseH2/src/resources/creaBD.sql</file>
            <file>file:/C:/Users/andres/OneDrive/Escritorio/DAW%20Tareas/Programacion/Tarea%2010/Podadera_Gonzalez_Andres_PROG_Tarea10/UT10_ProyectoBaseH2/src/resources/cargaBD.sql</file>
            <file>file:/C:/Users/andres/OneDrive/Escritorio/DAW%20Tareas/Programacion/Tarea%2010/Podadera_Gonzalez_Andres_PROG_Tarea10/UT10_ProyectoBaseH2/src/ejemplo/Aplicacion.java</file>
        </group>
    </open-files>
</project-private>
